{
  "personnes": [
    {
      "id": 1,
      "nom": "Ando Mickael",
      "pseudo": "ando__mickael",
      "email": "ando@gmail.com",
      "mdp": "ando"
    },
    {
      "id": 2,
      "nom": "Jean Charles",
      "pseudo": "jean__charles",
      "email": "jean@gmail.com",
      "mdp": "jean"
    },
    {
      "id": 3,
      "nom": "Jeanne Marie",
      "pseudo": "jeanne__marie",
      "email": "jeanne@gmail.com",
      "mdp": "jeanne"
    }
  ],
  "encheres": [
    {
      "id": 1,
      "dateDebut": "2022-01-01 01:00:00",
      "duree": "02:00:00",
      "prixMin": 15000,
      "status": 0,
      "produitId": 1
    },
    {
      "id": 2,
      "dateDebut": "2022-01-02 01:00:00",
      "duree": "01:00:00",
      "prixMin": 50000,
      "status": 0,
      "produitId": 2
    }
  ]
}